sector,offense,year,incidents
"Public, 4-year or above",Murder,2013,16
"Private nonprofit, 4-year or above",Murder,2013,13
"Private for-profit, 4-year or above",Murder,2013,3
"Public, 2-year",Murder,2013,8
"Private nonprofit, 2-year",Murder,2013,1
"Private for-profit, 2-year",Murder,2013,0
"Public, less-than 2-year",Murder,2013,0
"Private nonprofit, less-than 2-year",Murder,2013,0
"Private for-profit, less-than 2-year",Murder,2013,1
"Public, 4-year or above",Murder,2014,8
"Private nonprofit, 4-year or above",Murder,2014,13
"Private for-profit, 4-year or above",Murder,2014,3
"Public, 2-year",Murder,2014,5
"Private nonprofit, 2-year",Murder,2014,0
"Private for-profit, 2-year",Murder,2014,1
"Public, less-than 2-year",Murder,2014,0
"Private nonprofit, less-than 2-year",Murder,2014,0
"Private for-profit, less-than 2-year",Murder,2014,2
"Public, 4-year or above",Murder,2015,24
"Private nonprofit, 4-year or above",Murder,2015,9
"Private for-profit, 4-year or above",Murder,2015,2
"Public, 2-year",Murder,2015,14
"Private nonprofit, 2-year",Murder,2015,0
"Private for-profit, 2-year",Murder,2015,0
"Public, less-than 2-year",Murder,2015,0
"Private nonprofit, less-than 2-year",Murder,2015,0
"Private for-profit, less-than 2-year",Murder,2015,0
"Public, 4-year or above",Rape,2014,2550
"Private nonprofit, 4-year or above",Rape,2014,2376
"Private for-profit, 4-year or above",Rape,2014,51
"Public, 2-year",Rape,2014,170
"Private nonprofit, 2-year",Rape,2014,9
"Private for-profit, 2-year",Rape,2014,18
"Public, less-than 2-year",Rape,2014,2
"Private nonprofit, less-than 2-year",Rape,2014,0
"Private for-profit, less-than 2-year",Rape,2014,10
"Public, 4-year or above",Rape,2015,2965
"Private nonprofit, 4-year or above",Rape,2015,2602
"Private for-profit, 4-year or above",Rape,2015,23
"Public, 2-year",Rape,2015,246
"Private nonprofit, 2-year",Rape,2015,4
"Private for-profit, 2-year",Rape,2015,11
"Public, less-than 2-year",Rape,2015,8
"Private nonprofit, less-than 2-year",Rape,2015,0
"Private for-profit, less-than 2-year",Rape,2015,12
"Public, 4-year or above",Robbery,2013,623
"Private nonprofit, 4-year or above",Robbery,2013,773
"Private for-profit, 4-year or above",Robbery,2013,59
"Public, 2-year",Robbery,2013,213
"Private nonprofit, 2-year",Robbery,2013,24
"Private for-profit, 2-year",Robbery,2013,79
"Public, less-than 2-year",Robbery,2013,5
"Private nonprofit, less-than 2-year",Robbery,2013,11
"Private for-profit, less-than 2-year",Robbery,2013,121
"Public, 4-year or above",Robbery,2014,524
"Private nonprofit, 4-year or above",Robbery,2014,646
"Private for-profit, 4-year or above",Robbery,2014,76
"Public, 2-year",Robbery,2014,188
"Private nonprofit, 2-year",Robbery,2014,36
"Private for-profit, 2-year",Robbery,2014,84
"Public, less-than 2-year",Robbery,2014,9
"Private nonprofit, less-than 2-year",Robbery,2014,8
"Private for-profit, less-than 2-year",Robbery,2014,113
"Public, 4-year or above",Robbery,2015,509
"Private nonprofit, 4-year or above",Robbery,2015,669
"Private for-profit, 4-year or above",Robbery,2015,59
"Public, 2-year",Robbery,2015,154
"Private nonprofit, 2-year",Robbery,2015,8
"Private for-profit, 2-year",Robbery,2015,71
"Public, less-than 2-year",Robbery,2015,7
"Private nonprofit, less-than 2-year",Robbery,2015,3
"Private for-profit, less-than 2-year",Robbery,2015,135
"Public, 4-year or above",Assault,2013,449
"Private nonprofit, 4-year or above",Assault,2013,440
"Private for-profit, 4-year or above",Assault,2013,54
"Public, 2-year",Assault,2013,198
"Private nonprofit, 2-year",Assault,2013,26
"Private for-profit, 2-year",Assault,2013,65
"Public, less-than 2-year",Assault,2013,7
"Private nonprofit, less-than 2-year",Assault,2013,7
"Private for-profit, less-than 2-year",Assault,2013,76
"Public, 4-year or above",Assault,2014,389
"Private nonprofit, 4-year or above",Assault,2014,410
"Private for-profit, 4-year or above",Assault,2014,37
"Public, 2-year",Assault,2014,156
"Private nonprofit, 2-year",Assault,2014,31
"Private for-profit, 2-year",Assault,2014,75
"Public, less-than 2-year",Assault,2014,2
"Private nonprofit, less-than 2-year",Assault,2014,1
"Private for-profit, less-than 2-year",Assault,2014,90
"Public, 4-year or above",Assault,2015,391
"Private nonprofit, 4-year or above",Assault,2015,474
"Private for-profit, 4-year or above",Assault,2015,41
"Public, 2-year",Assault,2015,186
"Private nonprofit, 2-year",Assault,2015,13
"Private for-profit, 2-year",Assault,2015,60
"Public, less-than 2-year",Assault,2015,9
"Private nonprofit, less-than 2-year",Assault,2015,4
"Private for-profit, less-than 2-year",Assault,2015,75
"Public, 4-year or above",Burglary,2013,8144
"Private nonprofit, 4-year or above",Burglary,2013,6540
"Private for-profit, 4-year or above",Burglary,2013,420
"Public, 2-year",Burglary,2013,1733
"Private nonprofit, 2-year",Burglary,2013,86
"Private for-profit, 2-year",Burglary,2013,103
"Public, less-than 2-year",Burglary,2013,36
"Private nonprofit, less-than 2-year",Burglary,2013,20
"Private for-profit, less-than 2-year",Burglary,2013,121
"Public, 4-year or above",Burglary,2014,7593
"Private nonprofit, 4-year or above",Burglary,2014,5568
"Private for-profit, 4-year or above",Burglary,2014,349
"Public, 2-year",Burglary,2014,1560
"Private nonprofit, 2-year",Burglary,2014,72
"Private for-profit, 2-year",Burglary,2014,71
"Public, less-than 2-year",Burglary,2014,18
"Private nonprofit, less-than 2-year",Burglary,2014,22
"Private for-profit, less-than 2-year",Burglary,2014,104
"Public, 4-year or above",Burglary,2015,6542
"Private nonprofit, 4-year or above",Burglary,2015,5322
"Private for-profit, 4-year or above",Burglary,2015,223
"Public, 2-year",Burglary,2015,1494
"Private nonprofit, 2-year",Burglary,2015,76
"Private for-profit, 2-year",Burglary,2015,75
"Public, less-than 2-year",Burglary,2015,16
"Private nonprofit, less-than 2-year",Burglary,2015,37
"Private for-profit, less-than 2-year",Burglary,2015,95
"Public, 4-year or above",VehicleTheft,2013,459
"Private nonprofit, 4-year or above",VehicleTheft,2013,535
"Private for-profit, 4-year or above",VehicleTheft,2013,116
"Public, 2-year",VehicleTheft,2013,195
"Private nonprofit, 2-year",VehicleTheft,2013,13
"Private for-profit, 2-year",VehicleTheft,2013,98
"Public, less-than 2-year",VehicleTheft,2013,12
"Private nonprofit, less-than 2-year",VehicleTheft,2013,8
"Private for-profit, less-than 2-year",VehicleTheft,2013,132
"Public, 4-year or above",VehicleTheft,2014,410
"Private nonprofit, 4-year or above",VehicleTheft,2014,507
"Private for-profit, 4-year or above",VehicleTheft,2014,60
"Public, 2-year",VehicleTheft,2014,170
"Private nonprofit, 2-year",VehicleTheft,2014,17
"Private for-profit, 2-year",VehicleTheft,2014,97
"Public, less-than 2-year",VehicleTheft,2014,11
"Private nonprofit, less-than 2-year",VehicleTheft,2014,7
"Private for-profit, less-than 2-year",VehicleTheft,2014,103
"Public, 4-year or above",VehicleTheft,2015,495
"Private nonprofit, 4-year or above",VehicleTheft,2015,473
"Private for-profit, 4-year or above",VehicleTheft,2015,41
"Public, 2-year",VehicleTheft,2015,178
"Private nonprofit, 2-year",VehicleTheft,2015,5
"Private for-profit, 2-year",VehicleTheft,2015,78
"Public, less-than 2-year",VehicleTheft,2015,4
"Private nonprofit, less-than 2-year",VehicleTheft,2015,5
"Private for-profit, less-than 2-year",VehicleTheft,2015,103
"Public, 4-year or above",Arson,2013,460
"Private nonprofit, 4-year or above",Arson,2013,200
"Private for-profit, 4-year or above",Arson,2013,5
"Public, 2-year",Arson,2013,55
"Private nonprofit, 2-year",Arson,2013,0
"Private for-profit, 2-year",Arson,2013,3
"Public, less-than 2-year",Arson,2013,3
"Private nonprofit, less-than 2-year",Arson,2013,0
"Private for-profit, less-than 2-year",Arson,2013,5
"Public, 4-year or above",Arson,2014,410
"Private nonprofit, 4-year or above",Arson,2014,210
"Private for-profit, 4-year or above",Arson,2014,3
"Public, 2-year",Arson,2014,65
"Private nonprofit, 2-year",Arson,2014,0
"Private for-profit, 2-year",Arson,2014,2
"Public, less-than 2-year",Arson,2014,2
"Private nonprofit, less-than 2-year",Arson,2014,0
"Private for-profit, less-than 2-year",Arson,2014,2
"Public, 4-year or above",Arson,2015,342
"Private nonprofit, 4-year or above",Arson,2015,247
"Private for-profit, 4-year or above",Arson,2015,3
"Public, 2-year",Arson,2015,74
"Private nonprofit, 2-year",Arson,2015,3
"Private for-profit, 2-year",Arson,2015,2
"Public, less-than 2-year",Arson,2015,3
"Private nonprofit, less-than 2-year",Arson,2015,0
"Private for-profit, less-than 2-year",Arson,2015,3
"Public, 4-year or above",IllegalWeaponPossession,2013,634
"Private nonprofit, 4-year or above",IllegalWeaponPossession,2013,572
"Private for-profit, 4-year or above",IllegalWeaponPossession,2013,29
"Public, 2-year",IllegalWeaponPossession,2013,262
"Private nonprofit, 2-year",IllegalWeaponPossession,2013,14
"Private for-profit, 2-year",IllegalWeaponPossession,2013,4
"Public, less-than 2-year",IllegalWeaponPossession,2013,97
"Private nonprofit, less-than 2-year",IllegalWeaponPossession,2013,1
"Private for-profit, less-than 2-year",IllegalWeaponPossession,2013,21
"Public, 4-year or above",IllegalWeaponPossession,2014,674
"Private nonprofit, 4-year or above",IllegalWeaponPossession,2014,523
"Private for-profit, 4-year or above",IllegalWeaponPossession,2014,25
"Public, 2-year",IllegalWeaponPossession,2014,297
"Private nonprofit, 2-year",IllegalWeaponPossession,2014,18
"Private for-profit, 2-year",IllegalWeaponPossession,2014,2
"Public, less-than 2-year",IllegalWeaponPossession,2014,104
"Private nonprofit, less-than 2-year",IllegalWeaponPossession,2014,0
"Private for-profit, less-than 2-year",IllegalWeaponPossession,2014,21
"Public, 4-year or above",IllegalWeaponPossession,2015,603
"Private nonprofit, 4-year or above",IllegalWeaponPossession,2015,611
"Private for-profit, 4-year or above",IllegalWeaponPossession,2015,24
"Public, 2-year",IllegalWeaponPossession,2015,295
"Private nonprofit, 2-year",IllegalWeaponPossession,2015,3
"Private for-profit, 2-year",IllegalWeaponPossession,2015,5
"Public, less-than 2-year",IllegalWeaponPossession,2015,66
"Private nonprofit, less-than 2-year",IllegalWeaponPossession,2015,0
"Private for-profit, less-than 2-year",IllegalWeaponPossession,2015,21
"Public, 4-year or above",DrugArrests,2013,29220
"Private nonprofit, 4-year or above",DrugArrests,2013,24270
"Private for-profit, 4-year or above",DrugArrests,2013,785
"Public, 2-year",DrugArrests,2013,2424
"Private nonprofit, 2-year",DrugArrests,2013,180
"Private for-profit, 2-year",DrugArrests,2013,136
"Public, less-than 2-year",DrugArrests,2013,276
"Private nonprofit, less-than 2-year",DrugArrests,2013,1
"Private for-profit, less-than 2-year",DrugArrests,2013,333
"Public, 4-year or above",DrugArrests,2014,31228
"Private nonprofit, 4-year or above",DrugArrests,2014,24912
"Private for-profit, 4-year or above",DrugArrests,2014,574
"Public, 2-year",DrugArrests,2014,2656
"Private nonprofit, 2-year",DrugArrests,2014,201
"Private for-profit, 2-year",DrugArrests,2014,166
"Public, less-than 2-year",DrugArrests,2014,304
"Private nonprofit, less-than 2-year",DrugArrests,2014,2
"Private for-profit, less-than 2-year",DrugArrests,2014,211
"Public, 4-year or above",DrugArrests,2015,31268
"Private nonprofit, 4-year or above",DrugArrests,2015,23526
"Private for-profit, 4-year or above",DrugArrests,2015,505
"Public, 2-year",DrugArrests,2015,2714
"Private nonprofit, 2-year",DrugArrests,2015,235
"Private for-profit, 2-year",DrugArrests,2015,215
"Public, less-than 2-year",DrugArrests,2015,220
"Private nonprofit, less-than 2-year",DrugArrests,2015,1
"Private for-profit, less-than 2-year",DrugArrests,2015,257
"Public, 4-year or above",LiquorLawViolations,2013,101323
"Private nonprofit, 4-year or above",LiquorLawViolations,2013,92754
"Private for-profit, 4-year or above",LiquorLawViolations,2013,877
"Public, 2-year",LiquorLawViolations,2013,4869
"Private nonprofit, 2-year",LiquorLawViolations,2013,293
"Private for-profit, 2-year",LiquorLawViolations,2013,145
"Public, less-than 2-year",LiquorLawViolations,2013,87
"Private nonprofit, less-than 2-year",LiquorLawViolations,2013,0
"Private for-profit, less-than 2-year",LiquorLawViolations,2013,211
"Public, 4-year or above",LiquorLawViolations,2014,106270
"Private nonprofit, 4-year or above",LiquorLawViolations,2014,92146
"Private for-profit, 4-year or above",LiquorLawViolations,2014,773
"Public, 2-year",LiquorLawViolations,2014,4795
"Private nonprofit, 2-year",LiquorLawViolations,2014,468
"Private for-profit, 2-year",LiquorLawViolations,2014,251
"Public, less-than 2-year",LiquorLawViolations,2014,167
"Private nonprofit, less-than 2-year",LiquorLawViolations,2014,0
"Private for-profit, less-than 2-year",LiquorLawViolations,2014,149
"Public, 4-year or above",LiquorLawViolations,2015,98581
"Private nonprofit, 4-year or above",LiquorLawViolations,2015,87499
"Private for-profit, 4-year or above",LiquorLawViolations,2015,649
"Public, 2-year",LiquorLawViolations,2015,4676
"Private nonprofit, 2-year",LiquorLawViolations,2015,364
"Private for-profit, 2-year",LiquorLawViolations,2015,132
"Public, less-than 2-year",LiquorLawViolations,2015,142
"Private nonprofit, less-than 2-year",LiquorLawViolations,2015,0
"Private for-profit, less-than 2-year",LiquorLawViolations,2015,163
"Public, 4-year or above",DomesticViolence,2014,1993
"Private nonprofit, 4-year or above",DomesticViolence,2014,959
"Private for-profit, 4-year or above",DomesticViolence,2014,142
"Public, 2-year",DomesticViolence,2014,622
"Private nonprofit, 2-year",DomesticViolence,2014,45
"Private for-profit, 2-year",DomesticViolence,2014,54
"Public, less-than 2-year",DomesticViolence,2014,4
"Private nonprofit, less-than 2-year",DomesticViolence,2014,4
"Private for-profit, less-than 2-year",DomesticViolence,2014,84
"Public, 4-year or above",DomesticViolence,2015,2277
"Private nonprofit, 4-year or above",DomesticViolence,2015,1101
"Private for-profit, 4-year or above",DomesticViolence,2015,102
"Public, 2-year",DomesticViolence,2015,728
"Private nonprofit, 2-year",DomesticViolence,2015,26
"Private for-profit, 2-year",DomesticViolence,2015,48
"Public, less-than 2-year",DomesticViolence,2015,51
"Private nonprofit, less-than 2-year",DomesticViolence,2015,3
"Private for-profit, less-than 2-year",DomesticViolence,2015,94
"Public, 4-year or above",DatingViolence,2014,1913
"Private nonprofit, 4-year or above",DatingViolence,2014,1231
"Private for-profit, 4-year or above",DatingViolence,2014,53
"Public, 2-year",DatingViolence,2014,349
"Private nonprofit, 2-year",DatingViolence,2014,20
"Private for-profit, 2-year",DatingViolence,2014,20
"Public, less-than 2-year",DatingViolence,2014,5
"Private nonprofit, less-than 2-year",DatingViolence,2014,0
"Private for-profit, less-than 2-year",DatingViolence,2014,2
"Public, 4-year or above",DatingViolence,2015,2377
"Private nonprofit, 4-year or above",DatingViolence,2015,1449
"Private for-profit, 4-year or above",DatingViolence,2015,30
"Public, 2-year",DatingViolence,2015,447
"Private nonprofit, 2-year",DatingViolence,2015,4
"Private for-profit, 2-year",DatingViolence,2015,11
"Public, less-than 2-year",DatingViolence,2015,3
"Private nonprofit, less-than 2-year",DatingViolence,2015,2
"Private for-profit, less-than 2-year",DatingViolence,2015,13
"Public, 4-year or above",Stalking,2014,2363
"Private nonprofit, 4-year or above",Stalking,2014,1394
"Private for-profit, 4-year or above",Stalking,2014,69
"Public, 2-year",Stalking,2014,728
"Private nonprofit, 2-year",Stalking,2014,18
"Private for-profit, 2-year",Stalking,2014,29
"Public, less-than 2-year",Stalking,2014,6
"Private nonprofit, less-than 2-year",Stalking,2014,3
"Private for-profit, less-than 2-year",Stalking,2014,17
"Public, 4-year or above",Stalking,2015,3150
"Private nonprofit, 4-year or above",Stalking,2015,1776
"Private for-profit, 4-year or above",Stalking,2015,67
"Public, 2-year",Stalking,2015,882
"Private nonprofit, 2-year",Stalking,2015,8
"Private for-profit, 2-year",Stalking,2015,28
"Public, less-than 2-year",Stalking,2015,8
"Private nonprofit, less-than 2-year",Stalking,2015,0
"Private for-profit, less-than 2-year",Stalking,2015,34