sector,Arson,Assault,Burglary,DatingViolence,DomesticViolence,DrugArrests,IllegalWeaponPossession,LiquorLawViolations,Murder,Rape,Robbery,Stalking,VehicleTheft
"Private for-profit, 2-year",7,200,249,31,102,517,11,528,1,29,234,57,273
"Private for-profit, 4-year or above",11,132,992,83,244,1864,78,2299,8,74,194,136,217
"Private for-profit, less-than 2-year",10,241,320,15,178,801,63,523,3,22,369,51,338
"Private nonprofit, 2-year",3,70,234,24,71,616,35,1125,1,13,68,26,35
"Private nonprofit, 4-year or above",657,1324,17430,2680,2060,72708,1706,272399,35,4978,2088,3170,1515
"Private nonprofit, less-than 2-year",0,12,79,2,7,4,1,0,0,0,22,3,20
"Public, 2-year",194,540,4787,796,1350,7794,854,14340,27,416,555,1610,543
"Public, 4-year or above",1212,1229,22279,4290,4270,91716,1911,306174,48,5515,1656,5513,1364
"Public, less-than 2-year",8,18,70,8,55,800,267,396,0,10,21,14,27